日付,使用素材,スタンプとエフェクト,文字入れ,Sによる補足
2022-08-11,ピンク水色メイド,"くま,蝶,薔薇",Himeno Doro,
2022-09-21,クリームレースワンピ,"蝶,新聞,花",顔が天才　私の天使,
2022-09-23,クリームレースワンピ,"うさぎ,薔薇,泡",幸せな時間をありがとう　萌,
2022-09-23,ハイビスカス白ワンピ,レモン,Lemon　推し,
2022-09-23,ピンク赤,紅葉,september　出会ってくれてありがとう,
2022-09-24,黒レース,リボン、薔薇、ハート,好き。　Himeno Doro,
2022-09-25,ピンクジャンスカ,ティアラ、リボン、シナモン,お顔がさいきょう　夢にみるくらい君のこと考えてる,
2022-09-27,川、クリームレースワンピ、泉、ピンク赤,薔薇,drop Princess　2022.9.27,
2022-10-03,黒レース,うさぎ、猫、レース、薔薇,drop Princess,
2022-10-08,黒シアー,天使、蝶、悪魔の角,,
2022-10-10,花柄くすみブルーワンピ,風船、スクラップブック,drop Princess,
2022-10-11,黄色ルームウェア,うさぎ、猫,drop Princess　たくさん幸せをありがとう　圧倒的なんばーわんっ！！,
2022-10-14,チョーカー付きブラウス,ハート,,
2022-10-15,チョーカー付きブラウス,ディズニー,,
2022-10-20,タイ付きブラウス,うさぎ,存在してくれてありがとう…,
2022-10-26,タイ付きブラウス,ティアラ、ケーキ、悪魔の角、手形,ウラトオモテ　姫野どろ　交わることのない世界が今交わる　その先に見えるものは,
2022-10-27,クリームレースワンピ,木とブランコ,final fate ～彼女の愛した刻～　同じ時間をループする世界　鍵を握っているのは誰　主演 姫野どろ,
2022-10-28,マスクとグレーカーディガン,時計、少女のシルエット,少女は夢を失った　少女は希望を抱いた　少女は自分と向き合う　少女は確信した・・・　namenlose Lebensweise 〜少女の軌跡〜 主演 姫野どろ,
2022-10-30,マスクとグレーカーディガン,花、蝶,ich werde dich ewig lieben ～永遠の絆～　愛を知らない少女が真実の愛を探す旅に出る　主演 姫野どろ,
2022-11-02,タイ付きブラウス,女性のシルエット,last promise　～鍵の在処～　秘密のトビラのその先に　主演 姫野どろ,
2022-11-03,タイ付きブラウス,,Thank you for being born best treasure The most adorable princess in the world Dear mam,
2022-11-04,null,女性のシルエット、木、鳥,小鳥囀る箱庭　孤独だった少女が出会った奇跡の物語　主演 姫野どろ,
2022-11-05,ピンクジャンスカ,花火、ハート,硝子の花火　生きる意味とは何かを考えさせられる感動の物語　主演 姫野どろ,
2022-11-06,タイ付きブラウス,男女のシルエット、ガラス,風のような恋～dreamy time～　始めての恋は儚く美しく散っていきました　主演 姫野どろ,
2022-11-08,小悪魔衣装,ガラス、猫のシルエット,悪魔と少女と時々ネコ　悪魔と契約した少女のひと夏の夢物語　主演 姫野どろ,
2022-11-13,null,女性のシルエット、鳥、森、道路,サヨナラのその前に　ich werde dich ewig liben～永遠の絆～の待望の続編　主演 姫野どろ,
2022-11-13,null,女性のシルエット、木、紫のクリスタル,勿忘草　wahre Freundschaft　大人になった少女は遂に真実の愛の真相に辿り着く　感動の3部作遂に完結　主演 姫野どろ,
2022-11-23,null,階段、雲,瑠璃紺の薔薇　神の世界に迷い込んだ少女の運命的な物語　主演 姫野どろ,
2022-12-05,黒スカート,蝶の羽、リボン,,
2022-12-12,null,膝を抱えたシルエット、水滴,世界は闇に包まれている　外との接触を絶たれた少女は何を想う　主演 姫野どろ,
2022-12-21,null,女性のシルエット、イルカ、海,イルカと掴む夢　イルカトレーナーを目指す少女と孤独なイルカの夢を掴むまでのストーリー　主演 姫野どろ,
2022-12-22,null,女性のシルエット、橋、猫、庭,Drop Princess　孤独なお姫様と神使いのネコの心温まる物語　主演 姫野どろ,
2023-01-24,ブラウンジャンスカ,雪の結晶,,
2023-01-27,顔写真,中華風動画への顔はめ,,
2023-01-28,赤和風,額縁、ハート、女の子,今日も好きで、明日も好きで、一生大好き　私の天使,
2023-02-01,水色花柄,写真枠、花,love me like you do,
2023-02-09,緑いちご,スマホ、手、花,Can't stop loving you!,
2023-02-14,ピンクチェック,文庫本風,満開宣言　湯豆腐　美しく凛々しく咲く花のような君へ　王道の恋愛作　HARUKAZE文庫　不動の人気作,
2023-02-14,null,桜、夕焼け,満開宣言　美しく凛々しく咲く花のような君へ　主演 姫野どろ,
2023-02-16,ピンクジャンスカ,文庫本風,雪解けの歌　湯豆腐　歌で世界を救う　感動作　HARUKAZE文庫　イチオシ,雪で閉ざされた国が舞台の設定で歌の力で他国とも徐々に交流を初めて国民の顔が穏やかになっていくって内容で創った
2023-02-20,花柄白,文庫本風,快楽の魔術師　湯豆腐　湯豆腐先生初の官能小説　君はこの快感に耐えられる？　HARUKAZE文庫　初登場,電車内で読めないくらいの甘々ストーリーで　年下ワンコ系男子×性知識０のゆるふわお嬢様の設定　ほのぼの甘々だが年下ワンコ系男子は快楽の魔術師　前戯からとにかくえちえち
2023-02-22,チョコブラウス,月、木,不確定な未来　青春×ミステリー×SF　未来は分からないからおもしろい　主演 姫野どろ,
2023-03-16,黒チェック,花、新聞,やっぱり推しピがNo.1　世界一可愛い私のお姉様　HAPPY BIRTHDAY,
2023-03-31,黒マスク赤ワンピ,雑誌風テキスト,Drop Princess 4 April 2023 313yen covergirl　姫野どろ　5000字インタビュー　tränen des Mondes 2023年の飛躍　毎日をもっと楽しく　cute girl 姫野どろ,
2023-04-01,ピンク赤,花冠,砂糖菓子　bonbon princesse,
2023-04-09,顔写真,ピクニックデート動画への顔はめ,,
2023-07-11,地雷、赤Aライン、水色花柄、緑いちご、マスク,額縁、ハート,,独断と偏見で集めた可愛いお姉様TOP5で作ってみた
2023-07-14,null,女性のシルエット、ピンク,君がくれた奇跡　生き方を変えた出会い　今2人の運命が交差する　主演 雨宮姫乃,
2023-07-15,黒チェック,肉球、猫,,
2023-07-19,花柄白,文庫本風,指先の魔法　湯豆腐　彼女の創る服は魔法みたいに綺麗だった　「私、服を作りたい！」　HaruKAZE文庫　最新作,
2023-07-20,黒チェック,キラキラ,STRENGTH.,
2023-07-22,地雷,,姫様のスイーツタイム　2025年秋放送予定,
2023-08-28,ベージュプルオーバー,ヨーロッパ部屋、額縁,,
2023-09-06,null,男女のシルエット,イベリスの初恋　湯豆腐　初めての恋は純白の雪のようでした　お前にはもっと相応しい相手がいる　だから別れよう　HaruKAZE文庫,
2023-09-26,地雷,文庫本風,桜の降る夜　湯豆腐　桜降る夜に微妙な距離の二人　「夜はまだ寒いね」　HaruKAZE文庫,
2023-10-20,紺色レース,,キケンなアノ娘　あの娘に近づいてはダメ　あなたも魅了されてしまう　主演 折花姫乃,
2023-10-31,null,球体、花,サンカヨウの宴　硝子のように美しい彼女　主演 折花姫乃,
2023-11-12,クリームレースワンピ,うさぎ、チェーン、薔薇,姫の休日,
2023-11-13,紺色レース,花、恐竜,お顔が良すぎ。　Love,
2023-11-27,ピンクチェック,スノードーム、リボン、うさぎ,,
2023-11-30,白グレー,人形パッケージ風,Inked Edition Barbie,
2023-12-01,小悪魔衣装,虹色の旗,覚醒のフラッグ　決意は揺るがない　挫けない　主演 折花姫乃,さくら学院の曲の歌詞の一部
2023-12-17,水色花柄,蝶、くま,折花姫乃　みんなのアイドル　あなたの心射止めます,
2023-12-25,白レース赤,蝶、宝石,折花姫乃　みんなのアイドル　あなたの心射止めます,
2023-12-31,ベージュプルオーバー,額縁、くま,2023年もありがとう　THANK YOU　最高に楽しい1年だった,
2024-01-01,赤Aライン,ヒイラギ、オーナメント、ドリンク,Happy New Year　謹賀新年　2024,
2024-02-11,グリーンイースター,金色のカーテン、ハート,ひめの,メイドカフェのメイド紹介風
2024-04-13,ピンクベレー,美術室、キャンバス,姫のアトリエ　白百合女学院には姫と呼ばれる天才がいる　主演 祈花姫乃,
2024-05-05,ピンク制服,文庫本風,不良君とお嬢様　湯豆腐　「お前、俺の女になれ」　ちょっと不器用な清純ラブストーリー開幕　HaruKAZE文庫　新作,
2024-06-02,黒スカート,花,白粉花の面影　内気な少女はひぐらしの声を疑いあなたを想う　主演 祈花姫乃,
2024-07-13,顔アップ,スマホ、手、花,,
2024-08-12,白セーラー,,ゆりじょの姫　白百合女学院には姫と呼ばれる白百合のような少女がいる　主演 姫野どろ,
2024-08-14,手錠,文庫本風,愛の奴隷　「お前は俺の所有物」　愛され性奴隷の日常系ラブストーリー　HARUKAZE文庫　新作,性奴隷として人身売買オークションで買われた女の子と購入した男性との間で起こるほのぼの日常の中に歪んだだけれども確かな愛が見え隠れするラブストーリー
2024-08-20,グリーンイースター,ピンク,舞台　子うさぎの円舞曲　あの話題の小説が舞台として帰ってくる　主演 姫野どろ,
2024-09-06,白チャイナ,,NO MUSIC NO IDOL?　私が貴方のヒーラーになります　Drop Princess,
2024-09-14,白チャイナ、ピンクいちご,リボン,姫野どろ　みんなのアイドル　あなたの心射止めます,
2024-09-18,黒ミニスカ,湖,蒼空と夢幻　よく晴れたとある昼下がり　私が目にしたものは・・・　主演 姫野どろ,
2025-01-11,ピンク制服,ライト,偶像世界　～君はアイドル様～　私をアイドルにしてください　主演 姫野どろ,
2025-01-21,白チャイナ,ティアラ、蝶、柱、つるバラ,,
2025-02-07,黄色ルームウェア,妖精、花びら、ハートの植物,,
2025-02-10,ピンクグレー,ハート、心電図,生命咆哮　～110bpmの愛～　主演 姫野どろ,
2025-03-02,ピンク総レース,3月カレンダー,だいすき　かわいい　かわいい,
2025-03-13,緑いちご,うさぎ、蝶、薔薇,사랑해요　スーパーかわいー！　この顔100点　HAPPY BIRTHDAY,
2025-03-17,ブラウンワンピ,水色、光,星の雫　湯豆腐　星冴ゆる日少女は旅に出た　この村を変えないと　HaruKAZE文庫,
2025-03-24,ピンクブラウン,星空,悲しき彫刻師の純愛　彼が愛した唯1人の女性　主演 姫野どろ,お姉様の誕生日の星から着想を得て作った加工画なんよ　彫刻を作ることに熱中した男が唯一ヒロインには純粋な恋をしたけどヒロインよりも彫刻な男が選択をミスしたことで付き合うことはできずにたまに会うくらいの友人になってヒロインは男の双子の弟と付き合うみたいな話　星をヒロインに恋する男に当てはめてみた
2025-03-26,紫魔女,,魔法学校黒魔術科のソフィ　その魔術は誰の為　主演 姫野どろ,
2025-03-31,ピンクチェック、白グレー,額縁、美術館,,
2025-04-08,白花柄,花、額縁,Filles Mignonnes Beauté sculpturale,
2025-04-24,ピンクいちご,ピンク、キラキラ,可愛いだけじゃない　～私だけの超美学～　湯豆腐　そんなんじゃ私は測れない　困らせてよ私を　HARUKAZE文庫,今回は@onefiveのKAWAII KAIWAIって曲の歌詞を1部お借りして作ったからちょい拗ねてるようにも見えるお姉様の写真を採用した
2025-05-17,黄色ルームウェア,,闇に咲いた太陽（ひまわり）　そこに咲く花は真実か　主演 姫野どろ,
2025-06-21,緑ワンピ,庭、プランター、家,,
2025-06-24,ピンク制服,蝶、ひまわり、スポットライト,BURNT OUT BUT MAKE IT fashion,
2025-08-10,黄色ルームウェア,文庫本風、崖,夏焼の村　湯豆腐　断崖絶壁のその先にある その廃村は…　迷い込んだ先で見つけたその村の悲しき過去　HARUKAZE文庫,
2025-08-15,黄色ルームウェア,村,夏焼の村　～たどり着いたその先に～　この村には悲しい歴史があった　主演 姫野どろ,
2025-10-14,虎耳,写真、薔薇,Tu sei il mio tesoro,
2025-12-09,過去の加工画3つ,写真飾り、ピンク、キラキラ,大天使　やっぱり推しがNo.1！　だれかじゃなくて君がいい！！　最強の！！アイドル,