メッセージ,送信者
ドロでーす！,ドロ
やあ(*´-ω・)ノ,ラテ
(´･ω･`),ドロ
どろc困惑(；ᐛ ).｡oஇ,ラテ
ごめんよ,ラテ
一種のストレス回避？方法ではある,ラテ
( ˘ω˘ ) ｽﾔｧ…,ラテ
おやすや🥰,ドロ
また、配信来てね！,ドロ
もちろん,ラテ
お布団に入ってね,ドロ
どろcのきれいな手で壊されたい(恍惚とした表情),ラテ
冬はいつもコタツで寝てるよ😴,ラテ
こたつでおやすみなさい😴,ドロ
おやすみなさい,ラテ
おはよ,ラテ
仕事終わりに警察と消防と仕事(ボランティア)してきた,ラテ
間接的に人の命を救った,ラテ
お返事遅くなってごめんね🙏,ドロ
なんてこと！,ドロ
配信でも聞かせてね！みんな聞きたいと思うから！,ドロ
社会を守ってくれてありがとう☺️,ドロ
内容が内容なだけあってあまり大っぴらには言えないかな,ラテ
お酒飲んで橋から川に身投げしようとしてたけど、お酒にやられておえー(🤮)して意識消失してた,ラテ
そうだったんだ,ドロ
酔っ払うと危ないね,ドロ
第1接触者(ファーストレスポンダー )⁡,ラテ
⁡⁡,ラテ
⁡車から矢印板出して後方警戒してた,ラテ
酔った勢いで恐怖心無くして飛び降りようとしたみたい,ラテ
警察には同業者かと思ったって言われた,ラテ
おやすみ,ラテ
いっぱい仕事したんだ,ドロ
すごいなあ,ドロ
おやすみ！,ドロ
おはよ,ラテ
今日も配信来てくれてありがとう❣️,ドロ
やあ,ラテ
やあ！,ドロ
やあ,ラテ
こんにちは！また私のアカウントに来てくれて嬉しいよ！,ドロ
やあ,ラテ
昨日仕事辛かった,ラテ
1日8時間(休憩1時間含む)×5日は中々きつい,ラテ
昨日は疲労で思考力低下した,ラテ
約1kgの弁当,ラテ
どろしーの何日分？何回分？の量になるのだろうか,ラテ
お疲れ様、抹茶ラテさん！,ドロ
すごいお弁当だね！初めてみた,ドロ
ありがとう,ラテ
一緒に食べたい😋,ドロ
職場が陰湿すぎ,ラテ
私はいつでも味方だよ！,ドロ
オペ室(病院直)⁡,ラテ
⁡あたしの部署(委託外部)⁡,ラテ
⁡あたしがオペ室のスタッフと雑談しながら仕事見てたら⁡,ラテ
⁡うちの職員がうちの責任者になんで一緒にいたのって問いただされた,ラテ
Mind your⁡ business Bitchて感じ,ラテ
Fucking⁡ snitch,ラテ
疲れたよパトラッシュ,ラテ
なんで人間関係はこんなにめんどくさいのだ,ラテ
よしよし😢,ドロ
抹茶ラテさんは立派だよ,ドロ
ありがとう,ラテ
薬変える事にした,ラテ
そうだったんだ,ドロ
きっと努力家だからこそ疲れるのかも,ドロ
頑張る時は頑張るんだけどね,ラテ
がんばりの自覚が足りないかもよ！,ドロ
自分で思ってるよりずっと誠実で,ドロ
私的にはかっこいいなあ,ドロ
おやすみ😊,ドロ
ありがとう🥲︎,ラテ
おやすみ,ラテ
やあ,ラテ
ヘルプ先での評価はいいらしい,ラテ
自拠点で仕事はできるし大体の業務はできる,ラテ
ただ、人間性は(自拠点)はだめみたい,ラテ
左遷,ラテ
2026/03/02 9:40,ラテ
やあ,ラテ
異動になった,ラテ
3月は耐えれるだけ耐えるけど⁡,ラテ
⁡もう辞める,ラテ
次働く拠点は千葉県内だけど片道約70キロでヘルプの要請も抱えててそこは100キロ超える,ラテ
交通費15万くらい,ラテ
な、70キロ？,ドロ
お引越ししないと通えない？,ドロ
車通勤,ラテ
そうだったんだ,ドロ
私も大変な気持ちになるよ,ドロ
ヘルプ先は高速使えるけど1時間40分くらいかかる ⁡,ラテ
⁡異動先の拠点は公式には高速使えないから下道で2時間,ラテ
先に自腹切ってから後で精算,ラテ
手取り19で交通費で首がまわらなくなる,ラテ
🤲,ドロ
( ᐙ )？,ラテ
私の手で支えるよ！,ドロ
ヒモになれるのかな？,ラテ
退職届半分出してきた,ラテ
やあ,ラテ
朝から大仕事した,ラテ
すごいよ！,ドロ
やあ,ラテ
仕事辞める,ラテ
どろちゃん、前みたいにセクシーな写真はもうやらないのかい？,ラテ
👉🏻👈🏻,ラテ
BANされちゃったから・・＞＜,ドロ
でもいつかは再開するかも！,ドロ
もしだけど、あたしがリクエストしてPayPay支払いとかしたら応えてくれる？,ラテ
うん、できるかも！でも、今撮影やめてるから、再開するまで待っててね,ドロ
なるほど,ラテ
やあ,ラテ
実はストレスでEDになっててね⁡,ラテ
⁡だからなんだって話ではある,ラテ
どろ氏かあい,ラテ
えへへ！ありがとう！,ドロ
人って難しいね,ラテ
久しぶりにタバコ買っちゃった,ラテ
苦しい,ラテ
😢,ドロ
遠くからでもみてるからね,ドロ
😭,ラテ
苦しいね、、,ドロ
👉🏻👈🏻,ラテ
ねね,ラテ
欲望こぼしていい？,ラテ
どしたの？,ドロ
どろCに責められたい,ラテ
そっかぁ,ドロ
もっと欲望こぼしていい？,ラテ
😯,ドロ
Ok？,ラテ
Can I say my dirty mind,ラテ
ダーティでも、いいよっ,ドロ
ありがとう😊,ラテ
どろちゃんに顔射したい,ラテ
責められたい,ラテ
手足縛られて口枷付けられてどろちゃんに責められたい,ラテ
想像してもいいよっ,ドロ
お゛っ❤,ラテ
😄,ドロ
笑顔？,ラテ
抹茶ラテさんが嬉しいなら嬉しい,ドロ
🌟,ドロ
嬉しいよ,ラテ
うん！,ドロ
おやすみ🌟,ドロ
ありがとう,ラテ
おやすみ(😑)zzz,ラテ
どろちゃん、陰部画像送られてきたことあるのかな？,ラテ
ある！それは、NGだね！言葉は、OKだよ！,ドロ
Oh hell no,ラテ
画像送られてくるのきついね,ラテ
今日、普段近くにあるけど行かないクリニックに行ったら⁡,ラテ
⁡何個か前の会社のパワハラ野郎が入ってきて軽くパニクった,ラテ
そうだったんだ・・そんなことあったら、私もパニックになりそう！なにもされなかった？,ドロ
なにもされなかったよ,ラテ
もう、遭遇しないといいねっ,ドロ
うん,ラテ
そのクリニックにはCTかMRIのどっちかしてもらうのに行っただけだけでも⁡,ラテ
⁡もう近寄りたくないかな,ラテ
そうだね・・,ドロ
🤲,ドロ
レッドブルだ！気合いれるの？,ドロ
物珍しさで買っちゃった,ラテ
確かにみたことないかも！,ドロ
ネパールのレッドブル,ラテ
それは珍しい～文字読めないもん、どこにあったの？！,ドロ
アジアンレストラン(インドカレー系),ラテ
瞼がピクピクする,ラテ
おいしそうなお店にいってるねえ～,ドロ
疲れてる時になるやつ😔,ドロ
ベンゾジアゼピン系の抗不安薬使うとマシになる,ラテ
そうなんだ・・,ドロ
ちょっとメンタルやられた,ラテ
苦しい,ラテ
うんうん,ドロ
今苦しいんだね,ドロ
昨日、社長にこの仕事向いてないって言われた、不得手の方だねって言われて苦しかった,ラテ
そうなの。。,ドロ
社長の発言かぁ,ドロ
もちろん悪意がないのはわかってるのよ,ラテ
優しいね,ドロ
😢,ドロ
あたしが結婚とかした時にこの仕事じゃ稼ぎ頭になれないって言われたから,ラテ
善意で言ってるのはわかるんだけどね,ラテ
心配といえば心配なのかな,ドロ
余計に複雑になっちゃうときもあるね,ドロ
やあ(*´-ω・)ノ,ラテ
やあ～！,ドロ
プログラム詳しい？,ラテ
どうかな、、あんまりかも＞＜,ドロ
そっかそっか,ラテ
かわいいー！癒される！！,ドロ
どろちゃん、昔関東にいたりした？,ラテ
昔の関東はないよー！関西にはいたよ！、そして、今年関東に引っ越してきたよ！,ドロ
そうなのか,ラテ
どこに来たの？,ラテ
都内だよー！,ドロ
かなり便利に暮らせてる！,ドロ
わあ,ラテ
すごいね,ラテ
都内は人混みすごそう,ラテ
帰りの電車はすわれないよ～,ドロ
😢,ドロ
そうだよね,ラテ
どろちゃん、した事なさそう,ラテ
へ？？,ドロ
電車を？,ドロ
いや、その男性経験💦,ラテ
あわわ！,ドロ
したらどろ氏オキシトシンとかセロトニンドバドバしそう,ラテ
そうなのかも・・・,ドロ
まだ誰にも汚されてないんだね,ラテ
どろC,ラテ
うん・・・。,ドロ
いきなりごめんよ,ラテ
ううん、癒しになりたいから,ドロ
どろ氏の初めてほしい,ラテ
😳😳😳,ドロ
もちろん遊びじゃなくてね,ラテ
遊びじゃなくて。。？,ドロ
うん,ラテ
遊びでいいのかい？,ラテ
よくわかんない。。,ドロ
そっかそっか,ラテ
😴,ドロ
眠たいのかい？,ラテ
寝てた。。,ドロ
おはよう姫,ラテ
うんっ,ドロ